ad_group,keyword
Аудит WB,аудит вайлдберриз
Аудит WB,аудит wildberries
Аудит WB,аудит кабинета wb
Аудит WB,аудит карточки wb
Аудит WB,юнит экономика wb
Аудит WB,ддр wb
Аудит WB,план 30 60 90 маркетплейс
Ведение WB,ведение wildberries
Ведение WB,ведение кабинета wb
Ведение WB,сопровождение wildberries
Ведение WB,управление wildberries магазином
Аудит Ozon,аудит ozon
Аудит Ozon,аудит кабинета озон
Аудит Ozon,аудит карточки озон
Аудит Ozon,юнит экономика ozon
Аудит Ozon,ддр озон
Аудит Ozon,план 30 60 90 ozon
Ведение Ozon,ведение ozon
Ведение Ozon,ведение кабинета озон
Ведение Ozon,сопровождение ozon
Ведение Ozon,управление магазином ozon
BI / Управленка,ддс маркетплейсы
BI / Управленка,опиу маркетплейсы
BI / Управленка,план факт маркетплейсы
BI / Управленка,финансовая модель маркетплейс
BI / Управленка,дашборд маркетплейсы
BI / Управленка,автоматизация маркетплейсов
Ниша + Китай,подбор товара для маркетплейса
Ниша + Китай,анализ ниши wildberries
Ниша + Китай,анализ ниши ozon
Ниша + Китай,поиск поставщика в китае
Ниша + Китай,поставщик китай под wb
Ниша + Китай,юнит экономика с логистикой
